attendance,sessional,assignment,class_performance,viva,mini_project,lab_record,study_hours,result
95,28,19,18,18,19,9,8,Pass
92,27,18,17,17,18,9,7,Pass
88,25,17,17,16,17,8,7,Pass
85,24,16,16,15,16,8,6,Pass
90,26,19,18,17,18,9,8,Pass
82,23,16,15,15,16,8,6,Pass
78,22,15,15,14,15,7,5,Pass
75,21,14,14,14,14,7,5,Pass
70,20,13,13,12,13,6,4,Pass
68,19,13,12,12,13,6,4,Fail
65,18,12,11,11,12,5,3,Fail
60,17,11,10,10,11,5,3,Fail
55,15,10,9,9,10,4,2,Fail
50,14,9,8,8,9,4,2,Fail
45,12,8,7,7,8,3,1,Fail
72,20,15,14,13,15,7,5,Pass
80,22,16,15,15,16,8,6,Pass
87,26,18,17,17,18,9,7,Pass
94,29,19,19,19,20,10,9,Pass
67,18,12,11,11,12,5,3,Fail
76,21,15,14,14,15,7,5,Pass
63,17,11,10,10,11,5,3,Fail
58,16,10,9,9,10,4,2,Fail
89,27,18,18,17,19,9,8,Pass
96,29,20,19,19,20,10,9,Pass
73,20,14,14,13,14,7,4,Pass
69,18,12,12,11,12,5,3,Fail
84,24,17,16,16,17,8,6,Pass
61,16,10,10,9,10,4,2,Fail
79,22,15,15,14,16,7,5,Pass